{
  "IcoMoonType": "selection",
  "icons": [
    {
      "icon": {
        "paths": [
          "M910.221 138.667v746.664h-796.443v-746.664h796.443zM910.221 32h-796.443c-62.578 0-113.778 48-113.778 106.667v746.664c0 58.669 51.2 106.669 113.778 106.669h796.443c62.579 0 113.779-48 113.779-106.669v-746.664c0-58.667-51.2-106.667-113.779-106.667z"
        ],
        "attrs": [
          {}
        ],
        "isMulticolor": false,
        "isMulticolor2": false,
        "grid": 0,
        "tags": [
          "agry"
        ],
        "colorPermutations": {
          "2552552551331502431": [
            {}
          ]
        }
      },
      "attrs": [
        {}
      ],
      "properties": {
        "order": 50,
        "id": 5,
        "name": "agry",
        "prevSize": 32
      },
      "setIdx": 0,
      "setId": 5,
      "iconIdx": 0
    },
    {
      "icon": {
        "paths": [
          "M128 32h768c70.692 0 128 57.308 128 128v704c0 70.692-57.308 128-128 128h-768c-70.692 0-128-57.308-128-128v-704c0-70.692 57.308-128 128-128z",
          "M253.25 528.106l-4.402-4.2-66.137 62.648 233.016 222.29 489.546-467.011-65.702-62.677-423.842 403.947-162.479-154.998z"
        ],
        "attrs": [
          {
            "fill": "rgb(33, 150, 243)"
          },
          {
            "fill": "rgb(255, 255, 255)",
            "stroke": "rgb(255, 255, 255)",
            "strokeLinejoin": "miter",
            "strokeLinecap": "butt",
            "strokeMiterlimit": "4",
            "strokeWidth": 12.8
          }
        ],
        "isMulticolor": true,
        "isMulticolor2": true,
        "grid": 0,
        "tags": [
          "agry-yes"
        ],
        "colorPermutations": {
          "2552552551331502431": [
            {
              "f": 0
            },
            {
              "f": 1,
              "s": 1
            }
          ]
        }
      },
      "attrs": [
        {
          "fill": "rgb(33, 150, 243)"
        },
        {
          "fill": "rgb(255, 255, 255)",
          "stroke": "rgb(255, 255, 255)",
          "strokeLinejoin": "miter",
          "strokeLinecap": "butt",
          "strokeMiterlimit": "4",
          "strokeWidth": 12.8
        }
      ],
      "properties": {
        "order": 51,
        "id": 4,
        "name": "agry-yes",
        "prevSize": 32
      },
      "setIdx": 0,
      "setId": 5,
      "iconIdx": 1
    },
    {
      "icon": {
        "paths": [
          "M853.333 233.692l-63.027-63.025-249.862 249.864-249.864-249.864-63.025 63.025 249.864 249.864-249.864 249.862 63.025 63.027 249.864-249.864 249.862 249.864 63.027-63.027-249.862-249.862 249.862-249.864z"
        ],
        "attrs": [
          {}
        ],
        "isMulticolor": false,
        "isMulticolor2": false,
        "grid": 0,
        "tags": [
          "close"
        ],
        "colorPermutations": {
          "2552552551331502431": [
            {}
          ]
        }
      },
      "attrs": [
        {}
      ],
      "properties": {
        "order": 52,
        "id": 3,
        "name": "close",
        "prevSize": 32
      },
      "setIdx": 0,
      "setId": 5,
      "iconIdx": 2
    },
    {
      "icon": {
        "paths": [
          "M896 128h-768c-52.8 0-95.52 43.2-95.52 96l-0.48 576c0 52.8 43.2 96 96 96h768c52.8 0 96-43.2 96-96v-576c0-52.8-43.2-96-96-96zM876.8 332l-339.36 212.16c-15.36 9.6-35.52 9.6-50.88 0l-339.36-212.16c-12-7.68-19.2-20.64-19.2-34.56 0-32.16 35.040-51.36 62.4-34.56l321.6 201.12 321.6-201.12c27.36-16.8 62.4 2.4 62.4 34.56 0 13.92-7.2 26.88-19.2 34.56z"
        ],
        "attrs": [
          {}
        ],
        "isMulticolor": false,
        "isMulticolor2": false,
        "grid": 0,
        "tags": [
          "envelope"
        ],
        "colorPermutations": {
          "2552552551331502431": [
            {}
          ]
        }
      },
      "attrs": [
        {}
      ],
      "properties": {
        "order": 53,
        "id": 2,
        "name": "envelope",
        "prevSize": 32
      },
      "setIdx": 0,
      "setId": 5,
      "iconIdx": 3
    },
    {
      "icon": {
        "paths": [
          "M512 512c141.44 0 256-114.56 256-256s-114.56-256-256-256c-141.44 0-256 114.56-256 256s114.56 256 256 256zM512 640c-170.88 0-512 85.76-512 256v64c0 35.2 28.8 64 64 64h896c35.2 0 64-28.8 64-64v-64c0-170.24-341.12-256-512-256z"
        ],
        "attrs": [
          {}
        ],
        "isMulticolor": false,
        "isMulticolor2": false,
        "grid": 0,
        "tags": [
          "name"
        ],
        "colorPermutations": {
          "2552552551331502431": [
            {}
          ]
        }
      },
      "attrs": [
        {}
      ],
      "properties": {
        "order": 54,
        "id": 1,
        "name": "name",
        "prevSize": 32
      },
      "setIdx": 0,
      "setId": 5,
      "iconIdx": 4
    },
    {
      "icon": {
        "paths": [
          "M877.407 667.25l-134.451-15.35c-32.285-3.705-64.045 7.411-86.805 30.171l-97.395 97.398c-149.797-76.225-272.6-198.498-348.821-348.826l97.924-97.925c22.761-22.761 33.877-54.52 30.171-86.808l-15.35-133.39c-6.352-53.461-51.344-93.69-105.334-93.69h-91.572c-59.813 0-109.569 49.756-105.864 109.57 28.054 452.041 389.579 813.036 841.085 841.094 59.816 3.701 109.575-46.051 109.575-105.867v-91.568c0.527-53.465-39.702-98.458-93.162-104.809z"
        ],
        "attrs": [
          {}
        ],
        "isMulticolor": false,
        "isMulticolor2": false,
        "grid": 0,
        "tags": [
          "tel"
        ],
        "colorPermutations": {
          "2552552551331502431": [
            {}
          ]
        }
      },
      "attrs": [
        {}
      ],
      "properties": {
        "order": 55,
        "id": 0,
        "name": "tel",
        "prevSize": 32
      },
      "setIdx": 0,
      "setId": 5,
      "iconIdx": 5
    }
  ],
  "height": 1024,
  "preferences": {
    "showGlyphs": true,
    "showQuickUse": true,
    "showQuickUse2": true,
    "showSVGs": true,
    "fontPref": {
      "prefix": "icon-",
      "metadata": {
        "fontFamily": "icomoon"
      },
      "metrics": {
        "emSize": 1024,
        "baseline": 6.25,
        "whitespace": 50
      },
      "embed": false
    },
    "imagePref": {
      "prefix": "icon-",
      "png": true,
      "useClassSelector": true,
      "color": 0,
      "bgColor": 16777215,
      "classSelector": ".icon",
      "name": "icomoon",
      "height": 32,
      "columns": 16,
      "margin": 16
    },
    "historySize": 50,
    "showCodes": true,
    "gridSize": 16
  }
}